,created_at,n
1,2022-07-29,107
2,2022-07-28,91
3,2022-07-20,67
4,2022-07-27,65
5,2022-07-07,57
6,2022-07-22,53
7,2022-07-06,46
8,2022-07-26,45
9,2022-07-08,41
10,2022-08-02,37
11,2022-07-05,36
12,2022-07-19,36
13,2022-09-18,36
14,2022-09-26,34
15,2022-10-05,34
16,2022-07-21,28
17,2022-08-31,28
18,2022-07-01,27
19,2022-08-01,27
20,2022-08-03,26
21,2022-08-25,26
22,2022-09-24,25
23,2022-09-27,25
24,2022-05-31,24
25,2022-07-25,23
26,2022-07-30,22
27,2022-10-03,22
28,2022-07-31,19
29,2022-08-11,19
30,2022-08-05,18
31,2022-08-08,18
32,2022-08-26,18
33,2022-06-24,17
34,2022-08-04,17
35,2022-09-10,17
36,2022-06-13,16
37,2022-08-12,16
38,2022-08-30,16
39,2022-06-07,15
40,2022-06-23,15
41,2022-07-03,15
42,2022-08-19,15
43,2022-06-28,14
44,2022-06-29,14
45,2022-07-18,14
46,2022-08-24,14
47,2022-09-13,14
48,2022-09-17,14
49,2022-08-18,13
50,2022-06-06,12
51,2022-06-10,12
52,2022-07-02,12
53,2022-07-13,12
54,2022-08-23,12
55,2022-08-27,12
56,2022-08-29,12
57,2022-09-09,12
58,2022-06-21,11
59,2022-07-11,11
60,2022-06-01,10
61,2022-06-08,10
62,2022-06-15,10
63,2022-06-20,10
64,2022-06-22,10
65,2022-06-27,10
66,2022-06-30,10
67,2022-08-22,10
68,2022-09-02,10
69,2022-09-05,10
70,2022-09-08,10
71,2022-06-09,9
72,2022-07-15,9
73,2022-07-17,9
74,2022-09-28,9
75,2022-06-12,8
76,2022-06-14,8
77,2022-07-04,8
78,2022-07-09,8
79,2022-08-10,8
80,2022-08-16,8
81,2022-08-20,8
82,2022-05-30,7
83,2022-08-17,7
84,2022-09-16,7
85,2022-10-06,7
86,2022-06-04,6
87,2022-06-25,6
88,2022-07-12,6
89,2022-07-14,6
90,2022-08-15,6
91,2022-08-21,6
92,2022-09-01,6
93,2022-09-12,6
94,2022-06-03,5
95,2022-09-04,5
96,2022-09-15,5
97,2022-06-17,4
98,2022-07-24,4
99,2022-08-07,4
100,2022-09-07,4
101,2022-06-16,3
102,2022-07-23,3
103,2022-09-03,3
104,2022-09-20,3
105,2022-06-02,2
106,2022-06-11,2
107,2022-06-19,2
108,2022-09-11,2
109,2022-09-14,2
110,2022-09-19,2
111,2022-09-21,2
112,2022-09-29,2
113,2022-06-05,1
114,2022-10-04,1
